1;A-1273-82;SANTA
2;A-3918;LA SECRETARIA PELIGROSA (TRAILER)
3;A-4171-76;EL GOLFO
4;A-5566-71;AUDACIA FATAL
5;A-5579;SEDA Y ARENA
6;A-6669-74;ALERTA SUBMARINA
7;A-7358-62;LA ESTAMPIDA MORTAL
8;A-7680-87;MERCADO DE MUJERES
9;A-7697;ALERTA SUBMARINO
10;A-7780;LA HIJA DE JOFTHE
11;A-7863-67;Piroschka
12;A-8244-45;CHANGOS
13;A-8332-35;Los Dias Locos
14;A-8336;Sin Título (Neg.)
15;A-8337;Mack Sennet (Neg)
16;A-8338;Cortos Varios S/T (Neg.)
17;A-8339;Ladrones Aeronautas
18;A-8340;Patinador Loco
19;A-8341-42;Viaje a las Estrellas
20;A-8343;S/T (Neg.)
21;A-8344;S/T (Neg. Y Pos)
22;A-8345;Melodias de Antaño N y P
23;A-8346;Vamonos al Circo
24;A-8347;Labios Pegados
25;A-8348;El Valle de los desaparecidos
26;A-8349;Nerón se Divierte
27;A-8350-51;Antología Italiana
28;A-8352;Escenas de la artista Italiana Hesperia
29;A-8353;Antología Cinematografica Mexicana
30;A-8354;Francis Ford en el Misterio 13
31;A-8552-64;La que no Queria Morir
32;A-8566-88;Las Cruzadas
33;A-8551-64;La que no Queria Morir
34;A-9381-89;Santo vs el estrangulador
35;A-9599-08;Morgan caso clinico
36;A-9794-800;Dos bobos en Oxford
37;A-10113;Film Magazine No.38/39
38;A-10114;Przeglad Filmowi
39;A-10117;Stocznia W Gdyni
40;A-10122;Film Magazyne Przeglad Filmowi No.28 y 29
41;A-10168;Przeglad Filmowy # 25
42;A-10169;Veintiseis Przeglad
43;A-10195;Przeglad Filmowy 36 y 43
44;A-10196;Przeglad Filmowy 42 y 37
45;A-10402;Pueblo de Lata
46;A-10432-36;MUNDO AL INSTANTE
47;A-10700-08;La Sombra del Escorpión
48;A-11604-05;La Borrachera del Tango
49;A-11624;Nicaragua a tres meses de Rev.
50;A-11625;Tepeyac
51;A-11646-54;Un Mundo Nuevo
52;A-11655-65;Caras Nuevas
53;A-11966;Movimieno y Fuerza I
54;A-12179;No Tiene Título
55;A-12193-94;El es Dios
56;A-12303;El trunco Maclovio
57;A-13093-01;Maria
58;A-13107-18;El ultimo viva
59;A-14455-65;NOVIOS DE MIS HIJAS, LOS
60;A-14618-30;Amores Dificiles 
61;A-15061-63;Arrullo de Dios
62;A-15067-69;Las 3 Pelonas
63;A-15358;Przeglad Filmowy No. 6
64;A-15359;Przeglad Filmowy #40 y #10
65;A-15360;Przeglad Filmowy No.25
66;A-15494-99;Muchachas de uniforme
67;A-15566-67;El Vuelo Glorioso de Barberan y Collar
68;A-15568-69;Cayo de la Gloria el Diablo
69;A-15570-71;Danzas y Canciones Mexicanas
70;A-15572;Ensayo de un Crimen 
71;A-15573;Salome la reina
72;A-15575;Mail Handler Spanish
73;A-15833;Palacio Nacional
74;A-15834;Palacio Nacional
75;A-15863;Gas Riesgoso
76;A-15864;Gas
77;A-16284-95;Cuatro Verdades
78;A-27753;Cine Mundial  128
79;A-27974;Cine Mundial  238
80;A-27975;Cine Mundial  238
81;A-28118;Cine Mundial 310
82;A-28119;Cine Mundial 310
83;A-28474;Cine Mundial 482
84;S/N;Cine Mundial 572
85;A-28718;Cine Mundial 334
86;A-28741;Cine Mundial 612
87;A-28897;Cine Mundial 689
88;A-28944;Cine Mundial 712
89;A-28960;Cine Mundial 720
90;A-28965;Cine Mundial 722
91;A-28969;Cine Mundial 724
92;A-28976;Cine Mundial 728
93;A-28982;Cine Mundial 732
94;A-28983;Cine Mundial 733
95;A-29007;Cine Mundial 743
96;A-29052;Cine Mundial 765
97;A-29053;Cine Mundial 766
98;A-29059;Cine Mundial 769
99;A-29229-30;Cine Mundial 854
100;A-29233;Cine Mundial 856
101;S/C;Cine Mundial 877
102;A-29342;Cine Mundial 910
103;A-29343;Cine Mundial 910
104;A-29582-83;Cinescopio  27
105;A-29551;Cinescopio  11
106;A-29582-83;Cinescopio  27
107;A-29749;Cinescopio  110
108;A-29750;Cinescopio  110
109;A-29751;Cinescopio  110
110;A-29982-83;Cinescopio  224
111;A-30100-101;Cinescopio  283
112;A-30120-21;Cinescopio  293
113;A-30122-23;Cinescopio  294
114;A-30124-25;Cinescopio  295
115;A-30126-27;Cinescopio  296
116;A-30128-29;Cinescopio  297
117;A-30130-31;Cinescopio  298
118;A-30132-34;Cinescopio  299
119;A-30135-36;Cinescopio  300
120;A-30137-38;Cinescopio  301
121;A-30139-41;Cinescopio  302
122;A-30142-43;Cinescopio  303
123;A-30144-45;Cinescopio  304
124;A-30146-47;Cinescopio  305
125;A-30148-49;Cinescopio  306
126;A-30150-51;Cinescopio  307
127;A-30152-53;Cinescopio  308
128;A-30154-55;Cinescopio  309
129;A-30156-57;Cinescopio  310
130;A-30158-59;Cinescopio  311
131;A-30160-61;Cinescopio  312
132;A-30162-63;Cinescopio  313
133;A-30164-65;Cinescopio  314
134;A-30166-67;Cinescopio  315
135;A-30168-69;Cinescopio  316
136;A-30170-71;Cinescopio  317
137;A-30172-73;Cinescopio  318
138;A-30174-76;Cinescopio  319
139;A-30177-78;Cinescopio  320
140;A-30179-80;Cinescopio  321
141;A-30181-82;Cinescopio  322
142;A-30184-85;Cinescopio  323
143;A-30186-87;Cinescopio  324
144;A-30189;Cinescopio  325
145;A-30190-91;Cinescopio  326
146;A-30192-93;Cinescopio  327
147;A-30196-97;Cinescopio  329
148;A-30198-99;Cinescopio  330
149;A-30200;Cinescopio  331
150;A-30201;Cinescopio  331
151;A-30202;Cinescopio  332
152;A-30203;Cinescopio  332
153;A-30204;Cinescopio  333
154;A-30205;Cinescopio  333
155;A-30206;Cinescopio  334
156;A-30207;Cinescopio  334
157;A-30208;Cinescopio  335
158;A-30209;Cinescopio  335
159;A-30210;Cinescopio  336
160;A-30211;Cinescopio  336
161;A-30212;Cinescopio  337
162;A-30213;Cinescopio  337
163;A-30214;Cinescopio  338
164;A-30215;Cinescopio  338
165;A-30216;Cinescopio  339
166;A-30217;Cinescopio  339
167;A-30218;Cinescopio  340
168;A-30219;Cinescopio  340
169;A-30220;Cinescopio  341
170;A-30221;Cinescopio  341
171;A-30222;Cinescopio  342
172;A-30223;Cinescopio  342
173;A-30224;Cinescopio  343
174;A-30225;Cinescopio  343
175;A-30226;Cinescopio  344
176;A-30227;Cinescopio  344
177;A-30228;Cinescopio  345
178;A-30229;Cinescopio  345
179;A-30230;Cinescopio  346
180;A-30231;Cinescopio  346
181;A-30232;Cinescopio  347
182;A-30233;Cinescopio  347
183;A-30234;Cinescopio  348
184;A-30235;Cinescopio  348
185;A-30236;Cinescopio  349
186;A-30237;Cinescopio  349
187;A-30238-40;Los forajidos
188;A-30241-55;Los forajidos
189;A-30338;Cinescopio  350
190;A-30339;Cinescopio  350
191;A-30340;Cinescopio  351
192;A-30341;Cinescopio  351
193;A-30342;Cinescopio  352
194;A-30343;Cinescopio  352
195;A-30344;Cinescopio  353
196;A-30345;Cinescopio  353
197;A-30346;Cinescopio  354
198;A-30347;Cinescopio  354
199;A-30348;Cinescopio  355
200;A-30349;Cinescopio  355
201;A-30350;Cinescopio  356
202;A-30351;Cinescopio  356
203;A-30352;Cinescopio  356
204;A-30353;Cinescopio  357
205;A-30354;Cinescopio  357
206;A-30355;Cinescopio  358
207;A-30356;Cinescopio  358
208;A-30357;Cinescopio  359
209;A-30358;Cinescopio  359
210;A-30359;Cinescopio  360
211;A-30360;Cinescopio  360
212;A-30361;Cinescopio  361
213;A-30362;Cinescopio  361
214;A-30363;Cinescopio  362
215;A-30364;Cinescopio  362
216;A-30365;Cinescopio  363
217;A-30366;Cinescopio  363
218;A-30367;Cinescopio  364
219;A-30368;Cinescopio  364
220;A-30369;Cinescopio  365
221;A-30370;Cinescopio  366
222;A-30371;Cinescopio  366
223;A-30372;Cinescopio  367
224;A-30373;Cinescopio  367
225;A-30374;Cinescopio  368
226;A-30375;Cinescopio  368
227;A-30376;Cinescopio  369
228;A-30377;Cinescopio  369
229;A-30378;Cinescopio  370
230;A-30379;Cinescopio  370
231;A-30380;Cinescopio  371
232;A-30381;Cinescopio  371
233;A-30382;Cinescopio  372
234;A-30383;Cinescopio  372
235;A-30384;Cinescopio  373
236;A-30385;Cinescopio  373
237;A-30386;Cinescopio  374
238;A-30387;Cinescopio  374
239;A-30388;Cinescopio  375
240;A-30389;Cinescopio  375
241;A-30391;Cinescopio  376
242;A-30392;Cinescopio  376
243;A-30393;Cinescopio  377
244;A-30394;Cinescopio  377
245;A-30395;Cinescopio  378
246;A-30396;Cinescopio  378
247;A-30397;Cinescopio  379
248;A-30398;Cinescopio  379
249;A-30400;Cinescopio  380
250;A-30401;Cinescopio  381
251;A-30402;Cinescopio  381
252;A-30403;Cinescopio  382
253;A-30404;Cinescopio  382
254;A-30405;Cinescopio  383
255;A-30406;Cinescopio  383
256;A-30407;Cinescopio  384
257;A-30408;Cinescopio  384
258;A-30409;Cinescopio  385
259;A-30410;Cinescopio  385
260;A-30411;Cinescopio  386
261;A-30412;Cinescopio  386
262;A-30413;Cinescopio  387
263;A-30414;Cinescopio  387
264;A-30415;Cinescopio  388
265;A-30416;Cinescopio  388
266;A-30417;Cinescopio  389
267;A-30418;Cinescopio  389
268;A-30419;Cinescopio  390
269;A-30420;Cinescopio  390
270;A-30421;Cinescopio  391
271;A-30422;Cinescopio  391
272;A-30423;Cinescopio  392
273;A-30424;Cinescopio  392
274;A-30425;Cinescopio  393
275;A-30426;Cinescopio  393
276;A-30427;Cinescopio  394
277;A-30428;Cinescopio  394
278;A-30429;Cinescopio  395
279;A-30430;Cinescopio  395
280;A-30431;Cinescopio  396
281;A-30432;Cinescopio  396
282;A-30433;Cinescopio  397
283;A-30434;Cinescopio  397
284;A-30435;Cinescopio  398
285;A-30436;Cinescopio  398
286;A-30437;Cinescopio  399
287;A-30438;Cinescopio  399
288;A-30439;Cinescopio  400
289;A-30440;Cinescopio  400
290;A-30441;Cinescopio  401
291;A-30442;Cinescopio  401
292;A-30443;Cinescopio  402
293;A-30444;Cinescopio  402
294;A-30445;Cinescopio  403
295;A-30446;Cinescopio  403
296;A-30447;Cinescopio  404
297;A-30448;Cinescopio  404
298;A-30449;Cinescopio  405
299;A-30451;Cinescopio  406
300;A-30452;Cinescopio  406
301;A-30453;Cinescopio  407
302;A-30454;Cinescopio  407
303;A-30455;Cinescopio  408
304;A-30456;Cinescopio  408
305;A-30457;Cinescopio  409
306;A-30458;Cinescopio  409
307;A-30459;Cinescopio  410
308;A-30460;Cinescopio  410
309;A-30461;Cinescopio  411
310;A-30462;Cinescopio  411
311;A-30463;Cinescopio  412
312;A-30464;Cinescopio  412
313;A-30465;Cinescopio  413
314;A-30466;Cinescopio  413
315;A-30467;Cinescopio  414
316;A-30468;Cinescopio  414
317;A-30469;Cinescopio  415
318;A-30470;Cinescopio  415
319;A-30471;Cinescopio  416
320;A-30472;Cinescopio  416
321;A-30473;Cinescopio  417
322;A-30474;Cinescopio  417
323;A-30475;Cinescopio  418
324;A-30476;Cinescopio  418
325;A-30477;Cinescopio  419
326;A-30478;Cinescopio  419
327;A-30479;Cinescopio  420
328;A-30480;Cinescopio  420
329;A-30481;Cinescopio  421
330;A-30482;Cinescopio  421
331;A-30483;Cinescopio  421
332;A-30484;Cinescopio  422
333;A-30485;Cinescopio  422
334;A-30486;Cinescopio  423
335;A-30487;Cinescopio  423
336;A-30488;Cinescopio  424
337;A-30489;Cinescopio  424
338;A-30490;Cinescopio  425
339;A-30492;Cinescopio  426
340;A-30493;Cinescopio  426
341;A-30494;Cinescopio  427
342;A-30496;Cinescopio  428
343;A-30497;Cinescopio  428
344;A-30498;Cinescopio  429
345;A-30499;Cinescopio  429
346;A-30500;Cinescopio  430
347;A-30501;Cinescopio  430
348;A-30502;Cinescopio  431
349;A-30503;Cinescopio  431
350;A-30504;Cinescopio  432
351;A-30505;Cinescopio  432
352;A-30506;Cinescopio  433
353;A-30507;Cinescopio  433
354;A-30508;Cinescopio  434
355;A-30509;Cinescopio  434
356;A-30510;Cinescopio  435
357;A-30511;Cinescopio  435
358;A-30512;Cinescopio  436
359;A-30513;Cinescopio  436
360;A-30514;Cinescopio  437
361;A-30515;Cinescopio  437
362;A-30516;Cinescopio  438
363;A-30517;Cinescopio  438
364;A-30518;Cinescopio  439
365;A-30519;Cinescopio  439
366;A-30520;Cinescopio  440
367;A-30521;Cinescopio  440
368;A-30522;Cinescopio  441
369;A-30523;Cinescopio  441
370;A-30524;Cinescopio  442
371;A-30525;Cinescopio  442
372;A-30526;Cinescopio  443
373;A-30527;Cinescopio  443
374;A-30528;Cinescopio  444
375;A-30529;Cinescopio  444
376;A-30530;Cinescopio  445
377;A-30531;Cinescopio  445
378;A-30532;Cinescopio  446
379;A-30533;Cinescopio  446
380;A-30534;Cinescopio  447
381;A-30535;Cinescopio  447
382;A-30536;Cinescopio  448
383;A-30537;Cinescopio  448
384;A-30538;Cinescopio  449
385;A-30539;Cinescopio  449
386;A-30540;Cinescopio  450
387;A-30541;Cinescopio  450
388;A-30543;Cinescopio  451
389;A-30544;Cinescopio  452
390;A-30546;Cinescopio  453
391;A-30547;Cinescopio  453
392;A-30548;Cinescopio  454
393;A-30549;Cinescopio  454
394;A-30550;Cinescopio  455
395;A-30551;Cinescopio  455
396;A-30552;Cinescopio  456
397;A-30553;Cinescopio  456
398;A-30554;Cinescopio  457
399;A-30555;Cinescopio  457
400;A-30556;Cinescopio  458
401;A-30557;Cinescopio  458
402;A-30558;Cinescopio  459
403;A-30559;Cinescopio  459
404;A-30560;Cinescopio  460
405;A-30561;Cinescopio  460
406;A-30562;Cinescopio  461
407;A-30563;Cinescopio  461
408;A-30564;Cinescopio  462
409;A-30565;Cinescopio  462
410;A-30566;Cinescopio  463
411;A-30567;Cinescopio  463
412;A-30568;Cinescopio  464
413;A-30569;Cinescopio  464
414;A-30570;Cinescopio  465
415;A-30571;Cinescopio  465
416;A-30572;Cinescopio  466
417;A-30573;Cinescopio  466
418;A-30574;Cinescopio  467
419;A-30575;Cinescopio  467
420;A-30576;Cinescopio  468
421;A-30577;Cinescopio  468
422;A-30578;Cinescopio  469
423;A-30579;Cinescopio  469
424;A-30580;Cinescopio  470
425;A-30581;Cinescopio  470
426;A-30582;Cinescopio  471
427;A-30583;Cinescopio  471
428;A-30584;Cinescopio  472
429;A-30585;Cinescopio  472
430;A-30586;Cinescopio  473
431;A-30587;Cinescopio  473
432;A-30588;Cinescopio  474
433;A-30589;Cinescopio  474
434;A-30590;Cinescopio  475
435;A-30591;Cinescopio  475
436;A-30592;Cinescopio  476
437;A-30593;Cinescopio  476
438;A-30594;Cinescopio  477
439;A-30595;Cinescopio  477
440;A-30596;Cinescopio  478
441;A-30597;Cinescopio  478
442;A-30598;Cinescopio  479
443;A-30599;Cinescopio  479
444;A-30600;Cinescopio  480
445;A-30601;Cinescopio  480
446;A-30602;Cinescopio  481
447;A-30603;Cinescopio  481
448;A-30604;Cinescopio  482
449;A-30605;Cinescopio  482
450;A-30606;Cinescopio  483
451;A-30607;Cinescopio  483
452;A-30608;Cinescopio  484
453;A-30609;Cinescopio  484
454;A-30610;Cinescopio  485
455;A-30611;Cinescopio  485
456;A-30612;Cinescopio  486
457;A-30613;Cinescopio  486
458;A-30614;Cinescopio  487
459;A-30615;Cinescopio  487
460;A-30616;Cinescopio  488
461;A-30617;Cinescopio  488
462;A-30618;Cinescopio  489
463;A-30619;Cinescopio  489
464;A-30620;Cinescopio  490
465;A-30621;Cinescopio  490
466;A-30622;Cinescopio  491
467;A-30623;Cinescopio  491
468;A-30624;Cinescopio  492
469;A-30625;Cinescopio  492
470;A-30626;Cinescopio  493
471;A-30627;Cinescopio  493
472;A-30628;Cinescopio  494
473;A-30629;Cinescopio  494
474;A-30630;Cinescopio  495
475;A-30631;Cinescopio  495
476;A-30632;Cinescopio  496
477;A-30633;Cinescopio  496
478;A-30634;Cinescopio  497
479;A-30635;Cinescopio  497
480;A-30636;Cinescopio  498
481;A-30637;Cinescopio  498
482;A-30638;Cinescopio  499
483;A-30639;Cinescopio  499
484;A-30641;Cinescopio  500
485;A-30642;Cinescopio  501
486;A-30643;Cinescopio  501
487;A-30644;Cinescopio  502
488;A-30645;Cinescopio  502
489;A-30646;Cinescopio  503
490;A-30647;Cinescopio  503
491;A-30648;Cinescopio  504
492;A-30649;Cinescopio  504
493;A-30650;Cinescopio  505
494;A-30651;Cinescopio  505
495;A-30652;Cinescopio  506
496;A-30653;Cinescopio  506
497;A-30654;Cinescopio  507
498;A-30655;Cinescopio  507
499;A-30656;Cinescopio  508
500;A-30657;Cinescopio  508
501;A-30658;Cinescopio  509
502;A-30659;Cinescopio  509
503;A-30660;Cinescopio 
504;A-30662;Cinescopio  511
505;A-30663;Cinescopio  511
506;A-30664;Cinescopio  511
507;A-30665;Cinescopio  512
508;A-30666;Cinescopio  512
509;A-30667;Cinescopio  513
510;A-30668;Cinescopio  513
511;A-30669;Cinescopio  514
512;A-30670;Cinescopio  514
513;A-30671;Cinescopio  515
514;A-30672;Cinescopio  515
515;A-30673;Cinescopio  516
516;A-30674;Cinescopio  516
517;A-30675;Cinescopio  517
518;A-30676;Cinescopio  517
519;A-30677;Cinescopio  518
520;A-30678;Cinescopio  518
521;A-30679;Cinescopio  519
522;A-30680;Cinescopio  519
523;A-30681;Cinescopio  520
524;A-30682;Cinescopio  520
525;A-30683;Cinescopio  521
526;A-30684;Cinescopio  521
527;A-30685;Cinescopio  522
528;A-30686;Cinescopio  522
529;A-30687;Cinescopio  523
530;A-30688;Cinescopio  523
531;A-30689;Cinescopio  524
532;A-30690;Cinescopio  524
533;A-30691;Cinescopio  525
534;A-30692;Cinescopio  525
535;A-30693;Cinescopio  526
536;A-30694;Cinescopio  526
537;A-30695;Cinescopio  527
538;A-30696;Cinescopio  527
539;A-30697;Cinescopio  528
540;A-30698;Cinescopio  528
541;A-30701;Cinescopio  530
542;A-30702;Cinescopio  530
543;A-30703;Cinescopio  531
544;A-30704;Cinescopio  531
545;A-30705;Cinescopio  532
546;A-30706;Cinescopio  532
547;A-30709;Cinescopio  534
548;A-30710;Cinescopio  534
549;A-30711;Cinescopio  535
550;A-30712;Cinescopio  535
551;A-30713;Cinescopio  536
552;A-30714;Cinescopio  536
553;A-30715;Cinescopio  537
554;A-30716;Cinescopio  537
555;A-30717;Cinescopio  538
556;A-30718;Cinescopio  358
557;A-30721;Cinescopio  540
558;A-30722;Cinescopio  540
559;A-30723;Cinescopio  541
560;A-30724;Cinescopio  541
561;A-30725;Cinescopio  542
562;A-30726;Cinescopio  542
563;A-30727;Cinescopio  543
564;A-30728;Cinescopio  543
565;A-30729;Cinescopio  544
566;A-30730;Cinescopio  544
567;A-30731;Cinescopio  545
568;A-30732;Cinescopio  545
569;A-30733;Cinescopio  546
570;A-30734;Cinescopio  546
571;A-30737;Cinescopio  548
572;A-30738;Cinescopio  548
573;A-30739;Cinescopio  549
574;A-30740;Cinescopio  549
575;A-30741;Cinescopio  550
576;A-30742;Cinescopio  550
577;A-30743;Cinescopio  551
578;A-30744;Cinescopio  551
579;A-30745;Cinescopio  552
580;A-30746;Cinescopio  552
581;A-30747;Cinescopio  553
582;A-30748;Cinescopio  553
583;A-30749;Cinescopio  554
584;A-30750;Cinescopio  554
585;A-30751;Cinescopio  555
586;A-30752;Cinescopio  555
587;A-30753;Cinescopio  556
588;A-30754;Cinescopio  556
589;A-30755;Cinescopio  557
590;A-30756;Cinescopio  557
591;A-30757;Cinescopio  558
592;A-30758;Cinescopio  559
593;A-30761;Cinescopio  560
594;A-30762;Cinescopio  560
595;A-30763;Cinescopio  561
596;A-30764;Cinescopio  561
597;A-30765;Cinescopio  562
598;A-30766;Cinescopio  562
599;A-30767;Cinescopio  563
600;A-30768;Cinescopio  563
601;A-30769;Cinescopio  564
602;A-30770;Cinescopio  564
603;A-30771;Cinescopio  565
604;A-30772;Cinescopio  565
605;A-30773;Cinescopio  566
606;A-30774;Cinescopio  566
607;A-30775;Cinescopio  567
608;A-30776;Cinescopio  567
609;A-30777;Cinescopio  568
610;A-30778;Cinescopio  568
611;A-30779;Cinescopio  569
612;A-30780;Cinescopio  569
613;A-30781;Cinescopio  570
614;A-30783;Cinescopio  570
615;A-30784;Cinescopio  571
616;A-30785;Cinescopio  571
617;A-30786;Cinescopio  571
618;A-30787;Cinescopio  572
619;A-30788;Cinescopio  573
620;A-30789;Cinescopio  573
621;A-30790;Cinescopio  574
622;A-30791;Cinescopio  574
623;A-30792;Cinescopio  575
624;A-30793;Cinescopio  575
625;A-30794;Cinescopio  576
626;A-30795;Cinescopio  576
627;A-30796;Cinescopio  577
628;A-30797;Cinescopio  577
629;A-30798;Cinescopio  578
630;A-30799;Cinescopio  578
631;A-30800;Cinescopio  579
632;A-30801;Cinescopio  579
633;A-30802;Cinescopio  580
634;A-30803;Cinescopio  580
635;A-30804;Cinescopio  581
636;A-30805;Cinescopio  581
637;A-30806;Cinescopio  582
638;A-30807;Cinescopio  582
639;A-30808;Cinescopio  583
640;A-30809;Cinescopio  583
641;A-30810;Cinescopio  584
642;A-30811;Cinescopio  584
643;A-30812;Cinescopio  585
644;A-30813;Cinescopio  585
645;A-30814;Cinescopio  585
646;A-30815;Cinescopio  586
647;A-30816;Cinescopio  586
648;A-30817;Cinescopio  586
649;A-30818;Cinescopio  587
650;A-30819;Cinescopio  587
651;A-30820;Cinescopio  588
652;A-30821;Cinescopio  589
653;A-30822;Cinescopio  589
654;A-30823;Cinescopio  590
655;A-30824;Cinescopio  590
656;A-30825;Cinescopio  591
657;A-30826;Cinescopio  591
658;A-30827;Cinescopio  592
659;A-30828;Cinescopio  592
660;A-30829;Cinescopio  593
661;A-30830;Cinescopio  593
662;A-30831;Cinescopio  594
663;A-30832;Cinescopio  594
664;A-30833;Cinescopio  594
665;A-30834;Cinescopio  594
666;A-30835;Cinescopio  595
667;A-30836;Cinescopio  595
668;A-30837;Cinescopio  596
669;A-30838;Cinescopio  596
670;A-30839;Cinescopio  597
671;A-30840;Cinescopio  597
672;A-30841;Cinescopio  598
673;A-30842;Cinescopio  598
674;A-30843;Cinescopio  599
675;A-30844;Cinescopio  599
676;A-30845;Cinescopio  600
677;A-30846;Cinescopio  600
678;A-30847;Cinescopio  601
679;A-30848;Cinescopio  601
680;A-30851;Cinescopio  603
681;A-30852;Cinescopio  603
682;A-30853;Cinescopio  604
683;A-30854;Cinescopio  604
684;A-30855;Cinescopio  605
685;A-30856;Cinescopio  605
686;A-30857;Cinescopio  606
687;A-30858;Cinescopio  606
688;A-30859;Cinescopio  607
689;A-30860;Cinescopio  607
690;A-30861;Cinescopio  608
691;A-30862;Cinescopio  608
692;A-30863;Cinescopio  609
693;A-30864;Cinescopio  609
694;A-30865;Cinescopio  610
695;A-30866;Cinescopio  610
696;A-30867;Cinescopio  611
697;A-30868;Cinescopio  611
698;A-30869;Cinescopio  612
699;A-30870;Cinescopio  612
700;A-30871;Cinescopio  613
701;A-30872;Cinescopio  613
702;A-30873;Cinescopio  614
703;A-30874;Cinescopio  614
704;A-30875;Cinescopio  615
705;A-30876;Cinescopio  615
706;A-30877;Cinescopio  616
707;A-30878;Cinescopio  616
708;A-30879;Cinescopio  617
709;A-30880;Cinescopio  618
710;A-30881;Cinescopio  618
711;A-30882;Cinescopio  619
712;A-30883;Cinescopio  619
713;A-30884;Cinescopio  620
714;A-30885;Cinescopio  620
715;A-30886;Cinescopio  621
716;A-30887;Cinescopio  621
717;A-30888;Cinescopio  622
718;A-30889;Cinescopio  622
719;A-30890;Cinescopio  623
720;A-30891;Cinescopio  623
721;A-30892;Cinescopio  624
722;A-30893;Cinescopio  624
723;A-30894;Cinescopio  625
724;A-30895;Cinescopio  625
725;A-30896;Cinescopio  626
726;A-30897;Cinescopio  626
727;A-30898;Cinescopio  627
728;A-30899;Cinescopio  627
729;A-30900;Cinescopio  628
730;A-30901;Cinescopio  628
731;A-30902;Cinescopio  629
732;A-30903;Cinescopio  629
733;A-30904;Cinescopio  630
734;A-30905;Cinescopio  630
735;A-30908;Cinescopio  632
736;A-30909;Cinescopio  632
737;A-30910;Cinescopio  633
738;A-30911;Cinescopio  633
739;A-30912;Cinescopio  634
740;A-30913;Cinescopio  634
741;A-30914;Cinescopio  635
742;A-30915;Cinescopio  635
743;A-30918;Cinescopio  637
744;A-30919;Cinescopio  637
745;A-30920;Cinescopio  638
746;A-30921;Cinescopio  638
747;A-30922;Cinescopio  639
748;A-30923;Cinescopio  639
749;A-30924;Cinescopio  640
750;A-30925;Cinescopio  640
751;A-30926;Cinescopio  641
752;A-30927;Cinescopio  641
753;A-30928;Cinescopio  642
754;A-30929;Cinescopio  642
755;A-30930;Cinescopio  643
756;A-30931;Cinescopio  643
757;A-30932;Cinescopio  644
758;A-30933;Cinescopio  644
759;A-30934;Cinescopio  645
760;A-30935;Cinescopio  645
761;A-30936;Cinescopio  646
762;A-30937;Cinescopio  646
763;A-30938;Cinescopio  647
764;A-30939;Cinescopio  647
765;A-30940;Cinescopio  648
766;A-30941;Cinescopio  648
767;A-30942;Cinescopio  649
768;A-30943;Cinescopio  649
769;A-30944;Cinescopio  650
770;A-30945;Cinescopio  650
771;A-30946;Cinescopio  651
772;A-30947;Cinescopio  651
773;A-30948;Cinescopio  652
774;A-30949;Cinescopio  652
775;A-30950;Cinescopio  653
776;A-30951;Cinescopio  653
777;A-30952;Cinescopio  654
778;A-30953;Cinescopio  654
779;A-30954;Cinescopio  655
780;A-30955;Cinescopio  655
781;A-30956;Cinescopio  656
782;A-30957;Cinescopio  656
783;A-30958;Cinescopio  657
784;A-30959;Cinescopio  657
785;A-30960;Cinescopio  658
786;A-30961;Cinescopio  658
787;A-30962;Cinescopio  659
788;A-30963;Cinescopio  659
789;A-30964;Cinescopio  660
790;A-30965;Cinescopio  660
791;A-30966;Cinescopio  661
792;A-30967;Cinescopio  661
793;A-30968;Cinescopio  662
794;A-30969;Cinescopio  662
795;A-30970;Cinescopio  663
796;A-30971;Cinescopio  663
797;A-30972;Cinescopio  664
798;A-30973;Cinescopio  664
799;A-30974;Cinescopio  665
800;A-30975;Cinescopio  665
801;A-30976;Cinescopio  666
802;A-30977;Cinescopio  666
803;A-30978;Cinescopio  667
804;A-30979;Cinescopio  667
805;A-30980;Cinescopio  ¿?
806;A-30982;Cinescopio  669
807;A-30983;Cinescopio  669
808;A-30984;Cinescopio  670
809;A-30985;Cinescopio  670
810;A-30986;Cinescopio  671
811;A-30987;Cinescopio  671
812;A-30988;Cinescopio  672
813;A-30989;Cinescopio  672
814;A-30990;Cinescopio  673
815;A-30991;Cinescopio  673
816;A-30992;Cinescopio  674
817;A-30993;Cinescopio  674
818;A-30994;Cinescopio  675
819;A-30995;Cinescopio  675
820;A-30996;Cinescopio  676
821;A-30997;Cinescopio  676
822;A-30998;Cinescopio  677
823;A-30999;Cinescopio  677
824;A-31000;Cinescopio  678
825;A-31001;Cinescopio  678
826;A-31002;Cinescopio  679
827;A-31003;Cinescopio  679
828;A-31004;Cinescopio  680
829;A-31005;Cinescopio  680
830;A-31006;Cinescopio  681
831;A-31007;Cinescopio  681
832;A-31008;Cinescopio  682
833;A-31009;Cinescopio  682
834;A-31010;Cinescopio  683
835;A-31011;Cinescopio  683
836;A-31012;Cinescopio  684
837;A-31013;Cinescopio  684
838;A-31014;Cinescopio  685
839;A-31015;Cinescopio  685
840;A-31016;Cinescopio  686
841;A-31017;Cinescopio  686
842;A-31018;Cinescopio  687
843;A-31019;Cinescopio  687
844;A-31020;Cinescopio  688
845;A-31021;Cinescopio  688
846;A-31022;Cinescopio  689
847;A-31023;Cinescopio  689
848;A-31024;Cinescopio  690
849;A-31025;Cinescopio  690
850;A-31026;Cinescopio  691
851;A-31027;Cinescopio  691
852;A-31030;Cinescopio  693
853;A-31032;Cinescopio  694
854;A-31033;Cinescopio  694
855;A-31034;Cinescopio  695
856;A-31035;Cinescopio  695
857;A-31036;Cinescopio  696
858;A-31037;Cinescopio  696
859;A-31038;Cinescopio  697
860;A-31039;Cinescopio  697
861;A-31040;Cinescopio  698
862;A-31041;Cinescopio  698
863;A-31042;Cinescopio  699
864;A-31043;Cinescopio  699
865;A-31044;Cinescopio  700
866;A-31045;Cinescopio  700
867;A-31046;Cinescopio  701
868;A-31047;Cinescopio  701
869;A-31048;Cinescopio  702
870;A-31049;Cinescopio  702
871;A-31050;Cinescopio  703
872;A-31051;Cinescopio  703
873;A-31052;Cinescopio  704
874;A-31053;Cinescopio  704
875;A-31054;Cinescopio  705
876;A-31055;Cinescopio  705
877;A-31056;Cinescopio  706
878;A-31057;Cinescopio  706
879;A-31058;Cinescopio  707
880;A-31059;Cinescopio  707
881;A-31060;Cinescopio  708
882;A-31061;Cinescopio  708
883;A-31062;Cinescopio  709
884;A-31063;Cinescopio  709
885;A-31064;Cinescopio  710
886;A-31065;Cinescopio  710
887;A-31066;Cinescopio  711
888;A-31067;Cinescopio  711
889;A-31068;Cinescopio  712
890;A-31069;Cinescopio  712
891;A-31070;Cinescopio  713
892;A-31071;Cinescopio  713
893;A-31072;Cinescopio  714
894;A-31073;Cinescopio  714
895;A-31074;Cinescopio  715
896;A-31075;Cinescopio  715
897;A-31076;Cinescopio  716
898;A-31077;Cinescopio  716
899;A-31078;Cinescopio  717
900;A-31079;Cinescopio  717
901;A-31080;Cinescopio  718
902;A-31081;Cinescopio  718
903;A-31082;Cinescopio  719
904;A-31083;Cinescopio  719
905;A-31084;Cinescopio  720
906;A-31085;Cinescopio  720
907;A-31086;Cinescopio  721
908;A-31087;Cinescopio  721
909;A-31088;Cinescopio  722
910;A-31089;Cinescopio  722
911;A-31090;Cinescopio  723
912;A-31091;Cinescopio  723
913;A-31092;Cinescopio  724
914;A-31093;Cinescopio  724
915;A-31094;Cinescopio  725
916;A-31095;Cinescopio  725
917;A-31096;Cinescopio  726
918;A-31097;Cinescopio  726
919;A-31098;Cinescopio  727
920;A-31099;Cinescopio  727
921;A-31100;Cinescopio  728
922;A-31101;Cinescopio  728
923;A-31102;Cinescopio  729
924;A-31103;Cinescopio  729
925;A-31104;Cinescopio  730
926;A-31105;Cinescopio  730
927;A-31106;Cinescopio  730
928;A-31107;Cinescopio  731
929;A-31108;Cinescopio  731
930;A-31109;Cinescopio  732
931;A-31110;Cinescopio  733
932;A-31111;Cinescopio  733
933;A-31112;Cinescopio  734
934;A-31113;Cinescopio  734
935;A-31114;Cinescopio  735
936;A-31115;Cinescopio  735
937;A-31116;Cinescopio  736
938;A-31117;Cinescopio  736
939;A-31118;Cinescopio  737
940;A-31119;Cinescopio  737
941;A-31120;Cinescopio  738
942;A-31121;Cinescopio  738
943;A-31122;Cinescopio  739
944;A-31123;Cinescopio  739
945;A-31124;Cinescopio  740
946;A-31125;Cinescopio  740
947;A-31126;Cinescopio  741
948;A-31127;Cinescopio  741
949;A-31128;Cinescopio  742
950;A-31129;Cinescopio  742
951;A-31130;Cinescopio  743
952;A-31131;Cinescopio  743
953;A-31132;Cinescopio  744
954;A-31133;Cinescopio  744
955;A-31134;Cinescopio  745
956;A-31135;Cinescopio  745
957;A-31136;Cinescopio  746
958;A-31137;Cinescopio  746
959;A-31138;Cinescopio  747
960;A-31139;Cinescopio  747
961;A-31140;Cinescopio  748
962;A-31141;Cinescopio  748
963;A-31142;Cinescopio  749
964;A-31143;Cinescopio  749
965;A-31144;Cinescopio  750
966;A-31145;Cinescopio  750
967;A-31146;Cinescopio  751
968;A-31147;Cinescopio  751
969;A-31148;Cinescopio  752
970;A-31149;Cinescopio  752
971;A-31150;Cinescopio  753
972;A-31151;Cinescopio  753
973;A-31152;Cinescopio  754
974;A-31153;Cinescopio  754
975;A-31154;Cinescopio  755
976;A-31155;Cinescopio  755
977;A-31156;Cinescopio  756
978;A-31157;Cinescopio  756
979;A-31158;Cinescopio  757
980;A-31159;Cinescopio  757
981;A-31160;Cinescopio  758
982;A-31161;Cinescopio  758
983;A-31162;Cinescopio  759
984;A-31163;Cinescopio  759
985;A-31164;Cinescopio  760
986;A-31165;Cinescopio  760
987;A-31166;Cinescopio  761
988;A-31167;Cinescopio  761
989;A-31168;Cinescopio  762
990;A-31169;Cinescopio  762
991;A-31170;Cinescopio  763
992;A-31171;Cinescopio  763
993;A-31172;Cinescopio  764
994;A-31173;Cinescopio  764
995;A-31174;Cinescopio  765
996;A-31175;Cinescopio  765
997;A-31176;Cinescopio  766
998;A-31177;Cinescopio  766
999;A-31178;Cinescopio  767
1000;A-31179;Cinescopio  767
1001;A-31180;Cinescopio  768
1002;A-31181;Cinescopio  768
1003;A-31182;Cinescopio  769
1004;A-31183;Cinescopio  769
1005;A-31184;Cinescopio  770
1006;A-31185;Cinescopio  770
1007;A-31186;Cinescopio  771
1008;A-31187;Cinescopio  771
1009;A-31188;Cinescopio  772
1010;A-31189;Cinescopio  772
1011;A-31190;Cinescopio  773
1012;A-31191;Cinescopio  773
1013;A-31192;Cinescopio  774
1014;A-31193;Cinescopio  774
1015;A-31194;Cinescopio  775
1016;A-31195;Cinescopio  775
1017;A-31196;Cinescopio  776
1018;A-31197;Cinescopio  776
1019;A-31198;Cinescopio  777
1020;A-31199;Cinescopio  777
1021;A-31200;Cinescopio  778
1022;A-31201;Cinescopio  778
1023;A-31202;Cinescopio  779
1024;A-31203;Cinescopio  779
1025;A-31204;Cinescopio  780
1026;A-31205;Cinescopio  780
1027;A-31206;Cinescopio  781
1028;A-31207;Cinescopio  781
1029;A-31208;Cinescopio  782
1030;A-31209;Cinescopio  782
1031;A-31210;Cinescopio  783
1032;A-31211;Cinescopio  783
1033;A-31212;Cinescopio  784
1034;A-31213;Cinescopio  784
1035;A-31214;Cinescopio  785
1036;A-31215;Cinescopio  785
1037;A-31216;Cinescopio  786
1038;A-31217;Cinescopio  786
1039;A-31218;Cinescopio  787
1040;A-31219;Cinescopio  787
1041;A-31220;Cinescopio  788
1042;A-31221;Cinescopio  788
1043;A-31222;Cinescopio  789
1044;A-31223;Cinescopio  789
1045;A-31224;Cinescopio  790
1046;A-31225;Cinescopio  790
1047;A-31226;Cinescopio  791
1048;A-31227;Cinescopio  791
1049;A-31228;Cinescopio  792
1050;A-31229;Cinescopio  792
1051;A-31230;Cinescopio  793
1052;A-31231;Cinescopio  793
1053;A-31232;Cinescopio  794
1054;A-31233;Cinescopio  794
1055;A-31234;Cinescopio  795
1056;A-31235;Cinescopio  795
1057;A-31236;Cinescopio  796
1058;A-31237;Cinescopio  796
1059;A-31239;Cinescopio  797
1060;A-31240;Cinescopio  798
1061;A-31241;Cinescopio  798
1062;A-31242;Cinescopio  799
1063;A-31243;Cinescopio  799
1064;A-31244;Cinescopio  800
1065;A-31245;Cinescopio  800
1066;A-31267;Cinescopio 811
1067;A-31268;Cinescopio 811
1068;A-31269;Cinescopio 812
1069;A-31270;Cinescopio 812
1070;A-31271;Cinescopio 813
1071;A-31272;Cinescopio 813
1072;A-31273;Cinescopio 814
1073;A-31274;Cinescopio 814
1074;A-31275;Cinescopio 815
1075;A-31276;Cinescopio 815
1076;A-31277;Cinescopio 816
1077;A-31278;Cinescopio 816
1078;A-31279;Cinescopio 817
1079;A-31280;Cinescopio 817
1080;A-31281;Cinescopio 818
1081;A-31282;Cinescopio 818
1082;A-31283;Cinescopio 819
1083;A-31284;Cinescopio 819
1084;A-31285;Cinescopio 820
1085;A-31286;Cinescopio 820
1086;A-31287;Cinescopio 821
1087;A-31288;Cinescopio 821
1088;A-31289;Cinescopio 822
1089;A-31290;Cinescopio 822
1090;A-31291;Cinescopio 823
1091;A-31292;Cinescopio 823
1092;A-31293;Cinescopio 824
1093;A-31294;Cinescopio 824
1094;A-31295;Cinescopio 825
1095;A-31296;Cinescopio 825
1096;A-31297;Cinescopio 826
1097;A-31298;Cinescopio 826
1098;A-31299;Cinescopio 827
1099;A-31300;Cinescopio 827
1100;A-31301;Cinescopio 828
1101;A-31302;Cinescopio 829
1102;A-31303;Cinescopio 829
1103;A-31304;Cinescopio 830
1104;A-31305;Cinescopio 830
1105;A-31306;Cinescopio 831
1106;A-31307;Cinescopio 831
1107;A-31308;Cinescopio 832
1108;A-31309;Cinescopio 832
1109;A-31310;Cinescopio 833
1110;A-31311;Cinescopio 833
1111;A-31312;Cinescopio 834
1112;A-31313;Cinescopio 834
1113;A-31314;Cinescopio 835
1114;A-31315;Cinescopio 835
1115;A-31316;Cinescopio 836
1116;A-31317;Cinescopio 836
1117;A-31318;Cinescopio 837
1118;A-31319;Cinescopio 837
1119;A-31320;Cinescopio 838
1120;A-31321;Cinescopio 838
1121;A-31322;Cinescopio 839
1122;A-31323;Cinescopio 839
1123;A-31324;Cinescopio 840
1124;A-31325;Cinescopio 840
1125;A-31326;Cinescopio 841
1126;A-31327;Cinescopio 841
1127;A-31328;Cinescopio 842
1128;A-31329;Cinescopio 842
1129;A-31330;Cinescopio 844
1130;A-31331;Cinescopio 844
1131;A-31334;Cinescopio 845
1132;A-31335;Cinescopio 845
1133;A-31336;Cinescopio 846
1134;A-31337;Cinescopio 846
1135;A-31338;Cinescopio 847
1136;A-31339;Cinescopio 847
1137;A-31340;Cinescopio 848
1138;A-31341;Cinescopio 848
1139;A-31342;Cinescopio 849
1140;A-31343;Cinescopio 849
1141;A-31344;Cinescopio 850
1142;A-31345;Cinescopio 850
1143;A-31346;Cinescopio 851
1144;A-31347;Cinescopio 851
1145;A-31348;Cinescopio 852
1146;A-31349;Cinescopio 852
1147;A-31350;Cinescopio 853
1148;A-31351;Cinescopio 853
1149;A-31352;Cinescopio 854
1150;A-31353;Cinescopio 854
1151;A-31354;Cinescopio 855
1152;A-31355;Cinescopio 855
1153;A-31356;Cinescopio 856
1154;A-31357;Cinescopio 856
1155;A-31358;Cinescopio 857
1156;A-31359;Cinescopio 857
1157;A-31360;Cinescopio 858
1158;A-31361;Cinescopio 858
1159;A-31362;Cinescopio 859
1160;A-31363;Cinescopio 859
1161;A-31364;Cinescopio 860
1162;A-31365;Cinescopio 860
1163;A-31366;Cinescopio 861
1164;A-31367;Cinescopio 861
1165;A-31368;Cinescopio 862
1166;A-31369;Cinescopio 862
1167;A-31370;Cinescopio 863
1168;A-31371;Cinescopio 863
1169;A-31372;Cinescopio 864
1170;A-31373;Cinescopio 864
1171;A-31374;Cinescopio 865
1172;A-31375;Cinescopio 865
1173;A-31376;Cinescopio 866
1174;A-31377;Cinescopio 866
1175;A-31378;Cinescopio 867
1176;A-31379;Cinescopio 867
1177;A-31380;Cinescopio 868
1178;A-31381;Cinescopio 868
1179;A-31382;Cinescopio 869
1180;A-31383;Cinescopio 869
1181;A-31384;Cinescopio 870
1182;A-31385;Cinescopio 871
1183;A-31386;Cinescopio 871
1184;A-31387;Cinescopio 872
1185;A-31388;Cinescopio 872
1186;A-31389;Cinescopio 873
1187;A-31390;Cinescopio 873
1188;A-31391;Cinescopio 874
1189;A-31392;Cinescopio 874
1190;A-31393;Cinescopio 875
1191;A-31394;Cinescopio 875
1192;A-31395;Cinescopio 876
1193;A-31396;Cinescopio 876
1194;A-31397;Cinescopio 877
1195;A-31398;Cinescopio 877
1196;A-31399;Cinescopio 878
1197;A-31400;Cinescopio 878
1198;A-31401;Cinescopio 879
1199;A-31402;Cinescopio 879
1200;A-31403;Cinescopio ?
1201;A-31404;Cinescopio ?
1202;A-31405;Cinescopio 881
1203;A-31406;Cinescopio 881
1204;A-31407;Cinescopio 882
1205;A-31408;Cinescopio 882
1206;A-31409;Cinescopio 883
1207;A-31410;Cinescopio 883
1208;A-31411;Cinescopio 884
1209;A-31412;Cinescopio 884
1210;A-31413;Cinescopio 885
1211;A-31414;Cinescopio 885
1212;A-31415;Cinescopio 886
1213;A-31416;Cinescopio 886
1214;A-31417;Cinescopio 887
1215;A-31418;Cinescopio 887
1216;A-31419;Cinescopio 888
1217;A-31420;Cinescopio 888
1218;A-31421;Cinescopio 889
1219;A-31422;Cinescopio 889
1220;A-31423;Cinescopio 890
1221;A-31424;Cinescopio 890
1222;A-31425;Cinescopio 891
1223;A-31426;Cinescopio 891
1224;A-31427;Cinescopio 892
1225;A-31428;Cinescopio 892
1226;A-31429;Cinescopio 893
1227;A-31430;Cinescopio 893
1228;A-31431;Cinescopio 894
1229;A-31432;Cinescopio 894
1230;A-31433;Cinescopio 895
1231;A-31434;Cinescopio 895
1232;A-31435;Cinescopio 896
1233;A-31436;Cinescopio 896
1234;A-31437;Cinescopio 897
1235;A-31438;Cinescopio 897
1236;A-31439;Cinescopio 898
1237;A-31440;Cinescopio 898
1238;A-31441;Cinescopio 899
1239;A-31442;Cinescopio 899
1240;A-31443;Cinescopio 900
1241;A-31444;Cinescopio 900
1242;A-31445;Cinescopio 901
1243;A-31446;Cinescopio 901
1244;A-31448;Cinescopio 902
1245;A-31449;Cinescopio 693
1246;A-31450;Cinescopio 903
1247;A-31451;Cinescopio 904
1248;A-31452;Cinescopio 903
1249;A-31453;Cinescopio 905
1250;A-31454;Cinescopio 905
1251;A-31455;Cinescopio 906
1252;A-31456;Cinescopio 906
1253;A-31457;Cinescopio 907
1254;A-31458;Cinescopio 907
1255;A-31459;Cinescopio 908
1256;A-31460;Cinescopio 908
1257;A-31461;Cinescopio 909
1258;A-31462;Cinescopio 909
1259;A-31463;Cinescopio 910
1260;A-31464;Cinescopio 910
1261;A-31465;Cinescopio 911
1262;A-31466;Cinescopio 911
1263;A-31467;Cinescopio 912
1264;A-31468;Cinescopio 912
1265;A-31469;Cinescopio 913
1266;A-31470;Cinescopio 913
1267;A-31471;Cinescopio 914
1268;A-31472;Cinescopio 914
1269;A-31473;Cinescopio 915
1270;A-31474;Cinescopio 915
1271;A-31475;Cinescopio 916
1272;A-31476;Cinescopio 916
1273;A-31477;Cinescopio 917
1274;A-31478;Cinescopio 917
1275;A-31479;Cinescopio 918
1276;A-31480;Cinescopio 918
1277;A-31481;Cinescopio 919
1278;A-31482;Cinescopio 919
1279;A-31483;Cinescopio 920
1280;A-31484;Cinescopio 920
1281;A-31485;Cinescopio 921
1282;A-31486;Cinescopio 921
1283;A-31487;Cinescopio 922
1284;A-31488;Cinescopio 922
1285;A-31489;Cinescopio 923
1286;A-31490;Cinescopio 923
1287;A-31491;Cinescopio 924
1288;A-31492;Cinescopio 924
1289;A-31493;Cinescopio 925
1290;A-31494;Cinescopio 925
1291;A-31495;Cinescopio 926
1292;A-31496;Cinescopio 926
1293;A-31497;Cinescopio 927
1294;A-31498;Cinescopio 927
1295;A-31499;Cinescopio 928
1296;A-31500;Cinescopio 928
1297;A-31501;Cinescopio 929
1298;A-31502;Cinescopio 929
1299;A-31503;Cinescopio 930
1300;A-31504;Cinescopio 930
1301;A-31505;Cinescopio 931
1302;A-31506;Cinescopio 931
1303;A-31507;Cinescopio 208
1304;A-31508;Cinescopio 205
1305;A-31509;Cinescopio 203
1306;A-31510;Cinescopio 391
1307;A-31511;Cinescopio 360
1308;A-31512;Cinescopio 06
1309;A-31513;Cinescopio 05
1310;A-31514;Cinescopio 03
1311;A-31515;Cinescopio 07
1312;A-31516;Cinescopio 01
1313;A-31517;Cinescopio 12
1314;A-31518;Cinescopio 11
1315;A-31519;Cinescopio ¿10?
1316;A-31520;Cinescopio 9
1317;A-31521;Cinescopio 391
1318;A-31522;Cinescopio 728
1319;A-31523;Cinescopio 419
1320;A-31524;Cinescopio 514
1321;A-31525;Cinescopio 248
1322;A-31526;Cinescopio 783
1323;A-31527;Cinescopio 340
1324;A-31528;Cinescopio 339
1325;A-31530;Cinescopio 476
1326;A-31531;Cinescopio 177
1327;A-31532;Cinescopio 700
1328;A-31533;Cinescopio 706
1329;A-31534;Cinescopio 61
1330;A-31535;Cinescopio 190
1331;A-31536;Cinescopio 333
1332;A-31537;Cinescopio 362
1333;A-31538;Cinescopio 737
1334;A-31539;Cinescopio 784
1335;A-31540;Cinescopio 420
1336;A-31541;Cinescopio 025
1337;A-31542;Cinescopio 078
1338;A-31543;Cinescopio 212
1339;A-31544;Cinescopio 211
1340;A-31545;Cinescopio 206
1341;A-31546;Cinescopio 861
1342;A-31547;Cinescopio 624
1343;A-31548;Cinescopio 567
1344;A-31549;Cinescopio 822
1345;A-31550;Cinescopio 322
1346;A-31551;Cinescopio 210
1347;A-31553;Cinescopio 035
1348;A-31554;Cinescopio 152
1349;A-31555;Cinescopio 771
1350;A-31556;Cinescopio 774
1351;A-31557;Cinescopio 792
1352;A-31558;Cinescopio 793
1353;A-31559;Cinescopio 794
1354;A-31560;Cinescopio 08
1355;A-31561;Cinescopio 059
1356;A-31562;Cinescopio 243
1357;A-31563;Cinescopio 242
1358;A-31564;Cinescopio 241
1359;A-31565;Cinescopio 254
1360;A-31566;Cinescopio 244
1361;A-31567;Cinescopio 168
1362;A-31568;Cinescopio 246
1363;A-31569;Cinescopio 417
1364;A-31570;Cinescopio 043
1365;A-31571;Cinescopio 783
1366;A-31572;Cinescopio 632
1367;A-31573;Cinescopio 622
1368;A-31574;Cinescopio 697
1369;A-31575;Cinescopio 527
1370;A-31576;Cinescopio 523
1371;A-31577;Cinescopio 786
1372;A-31578;Cinescopio 738
1373;A-31579;Cinescopio 732
1374;A-31580;Cinescopio 733
1375;A-31581;Cinescopio 594
1376;A-31582;Cinescopio 564
1377;A-31583;Cinescopio 485
1378;A-31584;Cinescopio 359
1379;A-31585;Cinescopio 91
1380;A-31586;Cinescopio 90
1381;A-31587;Cinescopio 247
1382;A-31588;Cinescopio 93
1383;A-31589;Cinescopio 19
1384;A-31590;Cinescopio 15
1385;A-31591;Cinescopio 724
1386;A-31592;Cinescopio 44
1387;A-31593;Cinescopio 335
1388;A-31594;Cinescopio 87
1389;A-31595;Cinescopio 677
1390;A-31596;Cinescopio 245
1391;A-31597;Cinescopio 352
1392;A-31598;Cinescopio 355
1393;A-31599;Cinescopio 354
1394;A-31600;Cinescopio 274
1395;A-33712;Mundo al Instante 442
1396;A-33713;Mundo al Instante 450
1397;A-33714;Mundo al Instante 274
1398;A-33715;Mundo al Instante 411
1399;A-33716;Mundo al Instante 637
1400;A-33717;Mundo al Instante 881
1401;A-33718;Mundo al Instante 627
1402;A-33719;Cinesco. 808 MAI 716
1403;A-33720;Mundo al Instante 404
1404;A-33721;Mundo al Instante 361
1405;A-33722;Mundo al Instante 720
1406;A-33723;Mundo al Instante 599
1407;A-33724;Mundo al Instante 647
1408;A-33725;Mundo al Instante 291
1409;A-33726;Mundo al Instante 634
1410;A-35487-504;Matar o morir
